{
  "rasa_nlu_data": {
    "regex_features": [
      {
        "pattern": "[0-9]{5}",
        "name": "zipcode"
      },
      {
        "pattern": "hey[^\\s]*",
        "name": "greet"
      }
    ],
    "common_examples": [
      {
        "entities": [],
        "intent": "greet",
        "text": "hey"
      },
      {
        "entities": [],
        "intent": "greet",
        "text": "howdy"
      },
      {
        "entities": [],
        "intent": "greet",
        "text": "hey there"
      },
      {
        "entities": [],
        "intent": "greet",
        "text": "hello"
      },
      {
        "entities": [],
        "intent": "greet",
        "text": "hi"
      },
      {
        "entities": [],
        "intent": "greet",
        "text": "good morning"
      },
      {
        "entities": [],
        "intent": "greet",
        "text": "good evening"
      },
      {
        "entities": [],
        "intent": "greet",
        "text": "dear sir"
      },
      {
        "entities": [],
        "intent": "affirm",
        "text": "yes"
      },
      {
        "entities": [],
        "intent": "affirm",
        "text": "yep"
      },
      {
        "entities": [],
        "intent": "affirm",
        "text": "yeah"
      },
      {
        "entities": [],
        "intent": "affirm",
        "text": "indeed"
      },
      {
        "entities": [],
        "intent": "affirm",
        "text": "that's right"
      },
      {
        "entities": [],
        "intent": "affirm",
        "text": "ok"
      },
      {
        "entities": [],
        "intent": "affirm",
        "text": "great"
      },
      {
        "entities": [],
        "intent": "affirm",
        "text": "right, thank you"
      },
      {
        "entities": [],
        "intent": "affirm",
        "text": "correct"
      },
      {
        "entities": [],
        "intent": "affirm",
        "text": "great choice"
      },
      {
        "entities": [],
        "intent": "affirm",
        "text": "sounds really good"
      },
      {
        "entities": [
          {
            "end": 34,
            "value": "Delhi",
            "start": 29,
            "entity": "location"
          }
        ],
        "intent": "startup_search",
        "text": "i'm looking for a startup in Delhi"
      },
      {
        "entities": [
          {
            "end": 35,
            "value": "Mumbai",
            "start": 29,
            "entity": "location"
          }
        ],
        "intent": "startup_search",
        "text": "i'm looking for a startup in Mumbai"
      },
      {
        "entities": [
          {
            "end": 36,
            "value": "Bangalore",
            "start": 28,
            "entity": "location"
          }
        ],
        "intent": "startup_search",
        "text": "i'm looking for startups in Bangalore"
      },
      {
        "entities": [
          {
            "end": 37,
            "value": "Banglore",
            "start": 29,
            "entity": "location"
          }
        ],
        "intent": "startup_search",
        "text": "i'm looking for a startup in Banglore"
      },
      {
        "entities": [
          {
            "end": 36,
            "value": "Gurgaon",
            "start": 29,
            "entity": "location"
          }
        ],
        "intent": "startup_search",
        "text": "i'm looking for a startup in Gurgaon"
      },
      {
        "entities": [
          {
            "end": 32,
            "value": "Goa",
            "start": 29,
            "entity": "location"
          }
        ],
        "intent": "startup_search",
        "text": "i'm looking for a startup in Goa"
      },
      {
        "entities": [],
        "intent": "affirm",
        "text": "yes"
      },
      {
        "entities": [],
        "intent": "affirm",
        "text": "yep"
      },
      {
        "entities": [],
        "intent": "affirm",
        "text": "yeah"
      },
      {
        "entities": [],
        "intent": "goodbye",
        "text": "bye"
      },
      {
        "entities": [],
        "intent": "goodbye",
        "text": "goodbye"
      },
      {
        "entities": [],
        "intent": "goodbye",
        "text": "good bye"
      },
      {
        "entities": [],
        "intent": "goodbye",
        "text": "stop"
      },
      {
        "entities": [],
        "intent": "goodbye",
        "text": "end"
      },
      {
        "entities": [
          {
            "end": 14,
            "value": "startups",
            "start": 6,
            "entity": "query"
          }
        ],
        "intent": "startup_info",
        "text": "top 5 startups"
      },
      {
        "entities": [
          {
            "end": 16,
            "value": "industries",
            "start": 6,
            "entity": "query"
          }
        ],
        "intent": "startup_info",
        "text": "top 5 industries"
      },
      {
        "entities": [
          {
            "end": 12,
            "value": "cities",
            "start": 6,
            "entity": "query"
          }
        ],
        "intent": "startup_info",
        "text": "top 5 cities"
      },
      {
        "entities": [
          {
            "end": 15,
            "value": "investors",
            "start": 6,
            "entity": "query"
          }
        ],
        "intent": "startup_info",
        "text": "top 5 investors"
      },
      {
        "entities": [
          {
            "end": 4,
            "value": "type",
            "start": 1,
            "entity": "query"
          }
        ],
        "intent": "startup_info",
        "text": "Type of investors funding the startups"
      },
      {
        "entities": [
          {
            "end": 16,
            "value": "industries",
            "start": 6,
            "entity": "query"
          }
        ],
        "intent": "startup_info",
        "text": "top 5 industries"
      },
      {
        "entities": [
          {
            "end": 16,
            "value": "categories",
            "start": 6,
            "entity": "query"
          }
        ],
        "intent": "startup_info",
        "text": "top 5 categories"
      },
      {
        "entities": [
          {
            "end": 11,
            "value": "city",
            "start": 6,
            "entity": "query"
          }
        ],
        "intent": "startup_info",
        "text": "which city has the most startups?"
      },
      {
        "entities": [],
        "intent": "affirm",
        "text": "indeed"
      },
      {
        "entities": [],
        "intent": "affirm",
        "text": "that's right"
      },
      {
        "entities": [],
        "intent": "affirm",
        "text": "ok"
      },
      {
        "entities": [],
        "intent": "affirm",
        "text": "great"
      },
      {
        "entities": [
          {
            "end": 12,
            "value": "city",
            "start": 6,
            "entity": "query"
          }
        ],
        "intent": "startup_info",
        "text": "top 5 cities for a startup"
      }
    ],
    "entity_synonyms": [
      {
        "value": "Bangalore",
        "synonyms": [
          "Benglaru"
        ]
      },
      {
        "value": "Mumbai",
        "synonyms": [
          "mumba",
          "Bombay"
        ]
      }
    ]
  }
}