﻿{
  "rasa_nlu_data": {
    "common_examples": [
      {
        "text": "hey",
        "intent": "greet",
        "entities": []
      },
      {
        "text": "howdy",
        "intent": "greet",
        "entities": []
      },
      {
        "text": "hey there",
        "intent": "greet",
        "entities": []
      },
      {
        "text": "hello",
        "intent": "greet",
        "entities": []
      },
      {
        "text": "hi",
        "intent": "greet",
        "entities": []
      },
      {
        "text": "yes",
        "intent": "affirm",
        "entities": []
      },
      {
        "text": "yep",
        "intent": "affirm",
        "entities": []
      },
      {
        "text": "yeah",
        "intent": "affirm",
        "entities": []
      },
      {
        "text": "bye",
        "intent": "goodbye",
        "entities": []
      },
      {
        "text": "goodbye",
        "intent": "goodbye",
        "entities": []
      },
      {
        "text": "good bye",
        "intent": "goodbye",
        "entities": []
      },
      {
        "text": "stop",
        "intent": "goodbye",
        "entities": []
      },
      {
        "text": "end",
        "intent": "goodbye",
        "entities": []
      },
      {
        "text": "indeed",
        "intent": "affirm",
        "entities": []
      },
      {
        "text": "that's right",
        "intent": "affirm",
        "entities": []
      },
      {
        "text": "ok",
        "intent": "affirm",
        "entities": []
      },
      {
        "text": "great",
        "intent": "affirm",
        "entities": []
      },
      {
        "text": "get status of 1101",
        "intent": "claim_number",
        "entities": [
          {
            "start": 14,
            "end": 18,
            "value": "1101",
            "entity": "claim_number"
          }
        ]
      },
      {
        "text": "status of 1101",
        "intent": "claim_number",
        "entities": [
          {
            "start": 10,
            "end": 14,
            "value": "1101",
            "entity": "claim_number"
          }
        ]
      },
      {
        "text": "get me 1101 status",
        "intent": "claim_number",
        "entities": [
          {
            "start": 7,
            "end": 11,
            "value": "1101",
            "entity": "claim_number"
          }
        ]
      },
      {
        "text": "1102",
        "intent": "claim_number",
        "entities": [
          {
            "start": 0,
            "end": 4,
            "value": "1102",
            "entity": "claim_number"
          }
        ]
      },
      {
        "text": "1102",
        "intent": "claim_number",
        "entities": [
          {
            "start": 0,
            "end": 4,
            "value": "1102",
            "entity": "claim_number"
          }
        ]
      },
      {
        "text": "1102",
        "intent": "claim_number",
        "entities": [
          {
            "start": 0,
            "end": 4,
            "value": "1102",
            "entity": "claim_number"
          }
        ]
      },
      {
        "text": "1103",
        "intent": "claim_number",
        "entities": [
          {
            "start": 0,
            "end": 4,
            "value": "1103",
            "entity": "claim_number"
          }
        ]
      },
      {
        "text": "1103",
        "intent": "claim_number",
        "entities": [
          {
            "start": 0,
            "end": 4,
            "value": "1103",
            "entity": "claim_number"
          }
        ]
      },
      {
        "text": "1103",
        "intent": "claim_number",
        "entities": [
          {
            "start": 0,
            "end": 4,
            "value": "1103",
            "entity": "claim_number"
          }
        ]
      },
      {
        "text": "1104",
        "intent": "claim_number",
        "entities": [
          {
            "start": 0,
            "end": 4,
            "value": "1104",
            "entity": "claim_number"
          }
        ]
      },
      {
        "text": "1104",
        "intent": "claim_number",
        "entities": [
          {
            "start": 0,
            "end": 4,
            "value": "1104",
            "entity": "claim_number"
          }
        ]
      },
      {
        "text": "1104",
        "intent": "claim_number",
        "entities": [
          {
            "start": 0,
            "end": 4,
            "value": "1104",
            "entity": "claim_number"
          }
        ]
      }
    ]
  }
}