{
  "rasa_nlu_data": {
    "common_examples": [
      {
        "intent": "greet",
        "text": "hey"
      },
      {
        "intent": "greet",
        "text": "howdy"
      },
      {
        "intent": "greet",
        "text": "hey there"
      },
      {
        "intent": "greet",
        "text": "hello"
      },
      {
        "intent": "greet",
        "text": "hi"
      },
      {
        "intent": "affirm",
        "text": "yes"
      },
      {
        "intent": "affirm",
        "text": "yep"
      },
      {
        "intent": "affirm",
        "text": "yeah"
      },
      {
        "intent": "goodbye",
        "text": "bye"
      },
      {
        "intent": "goodbye",
        "text": "goodbye"
      },
      {
        "intent": "goodbye",
        "text": "good bye"
      },
      {
        "intent": "goodbye",
        "text": "stop"
      },
      {
        "intent": "goodbye",
        "text": "end"
      },
      {
        "intent": "affirm",
        "text": "indeed"
      },
      {
        "intent": "affirm",
        "text": "that's right"
      },
      {
        "intent": "affirm",
        "text": "ok"
      },
      {
        "intent": "affirm",
        "text": "great"
      },
      {
        "intent": "claim_number",
        "entities": [
          {
            "start": 14,
            "end": 18,
            "value": "1101",
            "entity": "claim_number"
          }
        ],
        "text": "get status of 1101"
      },
      {
        "intent": "claim_number",
        "entities": [
          {
            "start": 10,
            "end": 14,
            "value": "1101",
            "entity": "claim_number"
          }
        ],
        "text": "status of 1101"
      },
      {
        "intent": "claim_number",
        "entities": [
          {
            "start": 7,
            "end": 11,
            "value": "1101",
            "entity": "claim_number"
          }
        ],
        "text": "get me 1101 status"
      },
      {
        "intent": "claim_number",
        "entities": [
          {
            "start": 0,
            "end": 4,
            "value": "1102",
            "entity": "claim_number"
          }
        ],
        "text": "1102"
      },
      {
        "intent": "claim_number",
        "entities": [
          {
            "start": 0,
            "end": 4,
            "value": "1102",
            "entity": "claim_number"
          }
        ],
        "text": "1102"
      },
      {
        "intent": "claim_number",
        "entities": [
          {
            "start": 0,
            "end": 4,
            "value": "1102",
            "entity": "claim_number"
          }
        ],
        "text": "1102"
      },
      {
        "intent": "claim_number",
        "entities": [
          {
            "start": 0,
            "end": 4,
            "value": "1103",
            "entity": "claim_number"
          }
        ],
        "text": "1103"
      },
      {
        "intent": "claim_number",
        "entities": [
          {
            "start": 0,
            "end": 4,
            "value": "1103",
            "entity": "claim_number"
          }
        ],
        "text": "1103"
      },
      {
        "intent": "claim_number",
        "entities": [
          {
            "start": 0,
            "end": 4,
            "value": "1103",
            "entity": "claim_number"
          }
        ],
        "text": "1103"
      },
      {
        "intent": "claim_number",
        "entities": [
          {
            "start": 0,
            "end": 4,
            "value": "1104",
            "entity": "claim_number"
          }
        ],
        "text": "1104"
      },
      {
        "intent": "claim_number",
        "entities": [
          {
            "start": 0,
            "end": 4,
            "value": "1104",
            "entity": "claim_number"
          }
        ],
        "text": "1104"
      },
      {
        "intent": "claim_number",
        "entities": [
          {
            "start": 0,
            "end": 4,
            "value": "1104",
            "entity": "claim_number"
          }
        ],
        "text": "1104"
      }
    ],
    "regex_features": [],
    "entity_synonyms": []
  }
}